1.000000,0.568517,0.112523,0.032843,0.139048,0.207260,0.198190,0.145813,0.098396,0.113976,0.147369,0.127856,0.125983,0.120089,0.132349,0.128755,0.079999,0.113384,0.111459,0.133851,0.149312,0.108500,0.045942,0.002777,0.039281,0.090857,0.115952,0.135875,0.114918,0.059055,0.018304,0.064140,0.077577,0.047609,0.095653,0.119923,0.050673,0.043138,0.081111,0.079392,0.040619,0.049403,0.070360,0.036599,-0.004361,0.012113,0.039559,0.040029,0.065418,0.055346,-0.006668,0.037408,0.183083,0.156923,0.054341,0.042232,0.098856,0.176526,0.162932,0.108105,0.055258,0.056579,0.120609,0.104404,0.051817,0.052196,0.071621,0.098823,0.106626,0.162980,0.192552,0.150478,0.142066,0.089106,0.030301,-0.017973,-0.005898,-0.003170,-0.070977,-0.081652,-0.025644,0.031405,0.049117,0.044847,0.044467,0.053658,0.124053,0.142640,0.024999,-0.025705,-0.005446,0.032966,-0.001504,-0.052906,-0.044417,0.002956,0.040212,0.040950,0.013556,-0.045023,-0.093911,-0.067998,-0.047795,-0.054585,-0.032324,-0.039507,-0.028160,0.017897,0.046808,0.037276,0.051748,0.060918,-0.004169,-0.044871,-0.057816,-0.053042,-0.048467,-0.060659,-0.063708,-0.064593,-0.053445,-0.016885,0.010580,-0.012384,0.000023,0.052864,0.027966,-0.046911,-0.052429,0.049398,0.110329,0.018946,-0.113657,-0.110076,-0.039474,-0.042576,-0.054285,-0.013677,0.050853,0.104472,0.049168,-0.059769,-0.086751,-0.019602,-0.005585,-0.074168,-0.096100,-0.113833,-0.120920,-0.117811,-0.117393,-0.130592,-0.122212,-0.120178,-0.124274,-0.091567,-0.037116,-0.041079,-0.095328,-0.102595,-0.104969,-0.129964,-0.159651,-0.155162,-0.147379,-0.085107,-0.093486,-0.089392,-0.049452,-0.035713,-0.081997,-0.090802,-0.043114,-0.080293,-0.160164,-0.180827,-0.097504,0.068743,0.133073,0.028277,-0.056148,-0.049100,0.056717,0.012632,-0.116775,-0.182528,-0.115549,0.006831,0.031421,-0.084586,-0.165412,-0.142746,-0.051061,0.022374,0.062316,0.094314,0.083233,0.022737,-0.023365,0.020707,0.010665,-0.041292,-0.099610,-0.115155,-0.126833,-0.124552,-0.119502,-0.087147,-0.020234,-0.018715,-0.133114,-0.186266,-0.115693,-0.036771,0.000223,-0.035519,-0.126995,-0.173412,-0.193710,-0.144367,-0.058695,0.015088,-0.015165,-0.117869,-0.099711,-0.053522,-0.089271,-0.098041,-0.101331,-0.019459,-0.039759,-0.191347,-0.244061,-0.128480,0.087250,0.156309,0.061412,-0.094935,-0.161281,-0.064360,0.077855,0.225206,0.148776,-0.130961,-0.185081,-0.084569,0.012610,0.155514,0.137043,-0.022973,-0.109743,-0.037884,0.097825,0.201144,0.126291,-0.085605,-0.167369,-0.179199,-0.070152,0.029635,0.066286,0.011485,-0.125683,-0.119255,0.028676,0.141071,0.112819,0.116328,0.102496,-0.018477,-0.125064,-0.120503,-0.085769,0.038175,0.018066,-0.086599,-0.028110,0.059617,0.053837,0.044939,0.022567,-0.078922,-0.058696,-0.088496,-0.133936,-0.068625,0.055941,0.162252,0.064012,-0.134974,-0.167469,-0.101254,-0.044021,0.037676,0.003873,-0.116654,-0.131927,-0.137178,-0.124849,0.004269,-0.099108,-0.258012,-0.240672,-0.107147,0.129559,0.264015,0.181609,-0.031620,-0.009567,0.081291,-0.041306,-0.066126,0.012720,-0.059366,-0.222326,-0.202575,0.091472,0.226066,-0.006585,-0.173947,-0.040391,0.315715,0.355385,0.131517,-0.078093,0.007607,0.052268,-0.044386,0.150637,0.147963,-0.069199,-0.155612,-0.049238,0.205467,0.338697,0.079657,-0.122920,0.027688,0.216254,0.164569,0.086160,-0.001378,-0.055057,-0.096687,-0.104577,0.124725,0.142194,0.037272,-0.219191,-0.418831,-0.233517,0.151680,0.296317,0.003873,-0.175412,-0.231672,-0.282934,-0.124622,0.145498,0.291565,0.286455,-0.086814,-0.320908,-0.216093,0.266202,0.332747,0.154790,-0.155419,-0.436678,-0.324599,0.026260,0.402339,0.098274,-0.387952,-0.228108,0.185159,0.436645,0.476250,0.061639,-0.141502,0.053674,0.062600,-0.620523,-0.544530,0.206479,0.600262,0.843223,-0.022186,-0.764234,-0.662940,-0.015602,1.000000,1.000000
1.000000,0.235254,-0.098488,0.019217,-0.038242,0.025640,0.059335,0.067926,0.096457,0.089052,0.101833,-0.006494,-0.055611,-0.005757,0.064544,0.048932,0.024145,0.081096,0.087939,-0.014106,0.045111,-0.005174,-0.011969,0.149227,0.185453,0.090779,0.107327,0.117253,0.007082,-0.006156,0.025201,0.027372,0.057854,0.050591,0.093622,0.047198,-0.024000,0.057182,0.121932,-0.029833,-0.001185,0.043151,0.048626,0.240051,0.036289,0.046710,0.229210,0.037737,-0.016196,-0.012813,-0.021758,-0.018866,0.056441,0.057775,-0.018367,0.015781,0.032104,-0.051214,-0.024678,0.044976,0.136241,0.165452,-0.033183,-0.044069,0.032268,0.009842,0.019241,-0.022715,0.020084,0.147559,0.210806,0.045267,0.020722,-0.007912,-0.072265,-0.014926,0.008652,0.001529,0.058476,0.022145,0.018501,0.097243,-0.025691,-0.102873,-0.024541,0.066858,0.237527,0.095721,0.038593,0.176714,0.055926,-0.001354,-0.035136,0.016663,0.029543,0.064142,0.122914,-0.015238,-0.067158,0.031058,0.034775,0.054080,0.033469,-0.020807,0.034919,0.023861,0.049553,0.105267,-0.061852,-0.040473,0.014280,0.033751,0.142280,0.190860,0.002296,-0.041877,0.040828,-0.031958,-0.024152,0.029616,0.036903,0.037333,-0.008184,-0.007889,0.003299,-0.023078,-0.059808,0.076099,0.147786,0.005251,0.077054,0.083831,0.057989,-0.003481,0.053492,0.044363,0.060452,-0.022553,-0.063004,-0.001062,0.065380,0.065764,0.039324,-0.094607,-0.095762,0.043146,0.031544,-0.041220,-0.021151,-0.001316,0.193257,0.103370,-0.022639,-0.054566,-0.060476,-0.021793,0.091875,-0.045969,0.020587,0.248231,0.070584,-0.037781,0.031068,-0.063947,-0.120117,0.024615,0.116258,0.008489,0.008202,-0.007810,-0.028239,-0.018416,0.031425,0.099992,0.097965,0.015544,0.116979,0.052059,-0.030295,0.033309,-0.047872,-0.061282,0.164021,0.105703,0.033700,0.055010,0.033022,-0.019902,0.141513,0.044629,-0.082288,-0.005953,0.059990,0.275880,0.074339,-0.009331,0.220156,0.095318,-0.015907,0.050741,0.096741,0.017771,0.082735,0.034658,-0.061852,0.076947,0.191905,-0.045922,-0.048144,0.015685,-0.055397,0.062190,0.124354,-0.048631,-0.059558,-0.057691,-0.028412,0.055529,0.104166,0.290653,0.406620,0.144388,-0.007771,-0.047514,-0.079998,-0.037785,0.156881,0.095752,0.006126,0.022254,0.168601,0.126372,-0.020123,-0.028071,0.020464,0.032371,0.075223,0.167146,-0.036693,-0.126859,0.038295,0.049162,-0.029551,0.018891,0.149526,0.165849,0.052542,-0.008847,0.004417,-0.029448,-0.024271,-0.004006,0.104515,0.033097,0.044628,0.132167,-0.061551,-0.057731,0.038574,-0.063817,0.039338,0.183481,0.112182,-0.022820,0.086160,0.087685,-0.081655,-0.019726,0.109639,0.011830,-0.137577,-0.063680,0.129639,0.144312,0.150778,0.157216,0.055846,-0.069019,0.052260,0.192017,0.145983,0.116555,0.081816,0.004860,-0.055491,-0.060601,-0.026669,-0.029166,0.008881,0.171756,0.146842,-0.014925,-0.072810,-0.033538,-0.115060,-0.161431,-0.032839,0.050819,0.224057,0.224989,0.088488,0.081567,-0.065663,-0.151459,0.020292,0.150700,0.270209,0.323495,-0.030228,-0.206718,-0.003724,-0.019119,-0.034582,-0.074710,-0.049235,-0.077232,0.056758,0.071529,0.065867,0.187277,0.018774,0.085905,0.151196,-0.077842,0.017118,0.119240,0.022257,0.120498,0.191747,-0.066090,-0.039286,0.079660,0.033209,0.113151,0.183372,0.031007,-0.047310,-0.033815,-0.048890,-0.046345,-0.009129,-0.045183,-0.048736,-0.129663,0.034371,0.384539,0.204430,-0.230226,-0.115073,0.097307,0.086913,-0.014850,-0.068233,0.003980,0.013835,-0.233022,-0.184746,-0.155607,-0.005650,0.077480,0.074339,0.291659,0.399445,0.160893,0.071151,0.169450,0.028741,-0.120893,-0.022412,0.102087,0.048024,0.025342,-0.126450,-0.303903,-0.229341,-0.135249,0.235105,0.807003,0.600548,0.009710,-0.350428,-0.684267,-0.385126,0.185013,0.767491,0.534369,0.360343,-0.415799,-0.830844,-0.000000,0.267828,1.000000,1.000000
1.000000,0.436127,0.045460,0.222964,0.281311,0.241359,0.143465,0.179077,0.262326,0.259156,0.173956,0.175801,0.269369,0.291126,0.264902,0.152173,0.178221,0.279777,0.168269,0.115115,0.171954,0.181006,0.156644,0.162661,0.225221,0.213580,0.153326,0.156349,0.146875,0.109495,0.209586,0.208827,0.057044,0.108922,0.144031,0.051883,0.022867,0.096646,0.148968,0.112424,0.079609,0.098557,0.116544,0.091612,0.121304,0.090882,0.064316,0.151705,0.119531,0.054248,0.027723,0.069246,0.103180,0.068897,0.122780,0.121368,0.020162,0.063064,0.157570,0.157005,0.093621,0.047560,0.001689,0.080584,0.191742,0.041124,-0.017524,0.066665,0.077880,0.044593,0.035392,0.140840,0.145133,0.034153,-0.006973,0.047712,0.054535,-0.002055,-0.029368,-0.009886,0.024612,0.040833,-0.019564,0.015992,0.129800,0.100003,0.001019,0.011994,0.081101,0.044967,-0.013004,0.000862,0.001653,-0.040116,-0.008482,0.084598,0.073832,0.024392,0.055222,0.015483,-0.044595,0.018130,0.069762,-0.007372,-0.065579,-0.031558,0.004721,-0.004705,-0.000868,0.056338,0.102795,0.152485,0.219247,0.098227,0.004450,0.060542,-0.020168,-0.024557,0.147883,0.121645,-0.018884,0.019017,0.116348,0.111846,0.072460,0.116205,0.176732,0.073948,0.058996,0.116249,0.023708,-0.051440,0.029235,0.101188,0.094071,0.160245,0.173210,0.056548,0.022516,0.050905,0.024671,0.029399,0.103585,0.137925,0.023876,-0.015184,0.011152,-0.050307,0.004346,0.090581,0.006649,-0.069557,-0.009229,0.075485,0.055518,-0.009401,0.028077,0.004648,-0.018075,0.060299,-0.017826,-0.129757,-0.044164,0.043875,-0.100835,-0.144725,0.062500,0.083297,-0.063064,-0.041359,0.061658,0.031777,0.019735,0.105886,0.030829,-0.045717,0.017111,0.005208,-0.045890,-0.012047,0.061832,0.084370,0.103363,0.067756,-0.043453,-0.039002,-0.008293,-0.013279,-0.091040,-0.046056,0.106573,0.003871,-0.057920,0.113053,0.209042,0.072197,-0.023251,0.049089,0.045363,-0.037489,-0.068193,-0.027927,0.016585,0.001482,-0.089471,-0.092824,-0.016290,0.028929,-0.062383,-0.170513,-0.075446,-0.048671,-0.115259,-0.048351,-0.005610,-0.150364,-0.233812,-0.081075,-0.025491,-0.135180,-0.082251,-0.048512,-0.078727,-0.101606,-0.120611,-0.076949,-0.098681,-0.128937,-0.248762,-0.250955,-0.122012,-0.131349,-0.143703,-0.193060,-0.148216,-0.074484,-0.116480,-0.134695,-0.125204,-0.136571,-0.220875,-0.222455,-0.121379,-0.121529,-0.118707,-0.122925,-0.113688,0.026832,0.009376,-0.167662,-0.185639,-0.066390,-0.079763,-0.130222,-0.045466,-0.050513,-0.078434,-0.166757,-0.227243,-0.083958,0.007173,0.015386,-0.109315,-0.254882,-0.125791,0.062003,0.080116,-0.036476,-0.134078,-0.066895,-0.027829,-0.042478,-0.174508,-0.331750,-0.163638,-0.090759,-0.150930,-0.049429,0.025912,0.037841,-0.090197,-0.072891,-0.016393,-0.183712,-0.065748,0.067296,-0.098395,-0.207209,-0.052810,0.160125,0.075254,0.008158,0.050469,0.029038,0.105034,0.044042,-0.134331,-0.046149,0.124071,0.052533,-0.111330,-0.079175,0.120231,0.039503,-0.105549,0.129029,0.336372,0.276560,0.151153,0.121708,0.133662,0.136358,0.171137,0.134278,0.054604,0.098874,0.139360,0.063253,0.175876,0.346954,0.111333,-0.207001,-0.170798,0.085477,0.143662,0.120331,0.052068,-0.144722,-0.077451,0.067273,0.063294,-0.000017,-0.045209,-0.029873,-0.225356,-0.308089,0.011312,0.307013,0.190592,0.001219,-0.154939,-0.260555,-0.060779,0.058928,-0.089461,-0.270121,-0.202879,-0.063534,-0.175377,-0.056699,0.090719,0.020595,-0.104744,-0.266155,-0.251606,-0.104881,0.056818,0.087452,-0.352791,-0.606832,0.038071,0.501388,0.242684,-0.159016,-0.296731,0.049900,0.295585,0.127920,-0.022333,-0.076786,0.030751,-0.001489,0.025839,0.166361,-0.028003,-0.367062,-0.336766,0.298876,0.372821,-0.290707,-0.483742,0.145650,0.420772,-0.024459,-0.404341,-0.140007,0.213621,0.182979,0.000000,0.000000,0.000000,0.000000,1.000000
1.000000,0.408081,-0.109658,-0.069653,-0.030701,0.031313,0.090986,0.031909,-0.060731,0.035094,0.101212,0.031250,-0.023520,-0.063691,-0.025610,0.026741,-0.022800,-0.031970,0.089752,0.117583,0.016406,-0.019089,-0.022211,-0.040027,-0.009885,0.027882,0.006885,0.003735,0.033996,0.050654,0.047787,0.007997,-0.022100,0.018139,0.044611,0.009186,0.104379,0.169795,0.058879,-0.085978,-0.076493,0.021127,0.004925,0.034877,0.079116,-0.004208,-0.054852,-0.019168,-0.081439,-0.108452,-0.011329,0.025230,0.019890,-0.029327,-0.063112,0.006773,0.107604,0.001129,-0.160095,-0.130080,-0.060213,0.043798,0.126347,0.060101,-0.030748,0.006600,0.062213,-0.012734,-0.047498,-0.067324,-0.038033,0.052510,0.047983,0.003434,0.022586,0.048191,-0.040413,-0.132144,-0.093290,0.019260,0.141257,0.181630,0.056890,-0.031093,-0.015723,0.076120,0.147456,0.051161,-0.043705,-0.089901,-0.115708,-0.038625,0.088576,0.068398,-0.108407,-0.144131,-0.054744,0.000938,0.067401,0.041694,-0.069139,-0.052325,0.024755,-0.002649,-0.050157,-0.124128,-0.093664,0.006328,0.024302,-0.003915,-0.029379,0.004277,-0.014646,0.003997,0.051534,0.005543,-0.026136,0.003659,0.045942,-0.013450,-0.059684,-0.003165,0.072270,0.100846,0.008855,-0.063171,-0.034963,0.033676,-0.019151,-0.066518,-0.077316,-0.088686,0.009732,0.098560,0.029679,-0.010268,0.047798,0.059156,-0.000231,-0.066119,-0.103654,-0.110184,0.004082,0.065871,-0.023721,-0.049672,-0.077549,-0.061135,0.077277,0.065210,-0.052608,-0.054567,0.057883,0.084324,0.061301,0.014364,-0.096938,-0.026887,0.093478,0.050103,-0.020027,-0.062422,-0.109758,-0.030851,0.107802,0.035796,-0.020965,0.055891,-0.002338,-0.061200,0.007506,-0.044100,-0.089666,-0.018298,0.002751,-0.013807,0.015297,0.087585,0.017119,-0.027943,-0.064451,-0.080460,0.011605,0.048672,0.010506,-0.022296,-0.001141,-0.051834,-0.153343,-0.018755,0.083819,-0.040787,-0.148342,-0.056522,0.099649,0.152797,0.139573,0.022240,-0.002465,0.048925,0.055172,0.026758,-0.016432,0.027292,0.139056,0.154756,0.030641,-0.058988,0.010668,-0.006351,-0.113827,-0.023527,0.063634,0.137477,0.215282,0.024111,-0.106533,-0.026272,0.046299,0.160567,0.197984,0.044823,-0.013815,0.134244,0.166078,-0.007575,-0.095049,-0.112514,-0.124444,-0.050013,0.022118,0.122506,0.173709,0.095109,0.019440,-0.010863,-0.005635,-0.012240,0.021108,0.070790,0.078662,0.125621,-0.001337,-0.162935,-0.123760,0.083173,0.128197,-0.018167,-0.069704,0.014467,0.173504,0.157824,-0.017346,-0.200690,-0.182614,0.040624,0.245485,0.226218,-0.039568,-0.159113,0.063179,0.053425,-0.125950,-0.133166,-0.078964,0.028578,0.107473,-0.040296,-0.183839,-0.077986,-0.017200,-0.138361,-0.230406,-0.225028,-0.068986,0.180923,0.203501,0.003105,-0.065104,0.065135,0.109609,0.152140,0.153706,0.031253,0.111769,0.256520,0.158841,0.078335,0.204084,0.107558,-0.062235,-0.105024,-0.151331,-0.085014,0.018092,-0.074409,-0.132614,0.040519,0.078713,-0.017435,0.029225,-0.001440,-0.064237,-0.105846,-0.105929,-0.096874,-0.198198,-0.090525,-0.018787,-0.089125,-0.022759,0.055338,0.172818,0.150010,-0.125467,-0.268786,-0.034130,0.231225,0.279929,0.142427,-0.050416,-0.050908,0.055449,-0.090861,-0.274266,-0.158975,-0.062214,-0.125035,-0.167732,-0.256357,-0.231414,0.103998,0.257842,-0.073596,-0.227593,0.019363,0.087297,-0.028444,0.011874,-0.158006,-0.143756,0.205843,0.123569,-0.164993,-0.220793,-0.248386,-0.048980,0.114859,-0.006289,-0.010661,0.254576,0.212200,-0.063543,-0.081967,0.116235,0.095205,0.053861,-0.011781,-0.163448,-0.263358,-0.125916,-0.010703,-0.037352,-0.019569,0.128303,0.063629,0.055844,-0.053669,0.236531,0.602058,0.215779,-0.163602,0.110379,0.316867,0.282358,0.129814,-0.132768,-0.408230,-0.335067,-0.118637,-0.123567,-0.102051,-0.437946,-0.231480,0.155958,0.178125,0.238523,-0.150787,-0.546747,-0.493742,-0.493742,-0.493742,1.000000
1.000000,0.360940,-0.170404,0.019219,0.186355,0.159073,0.038603,0.017066,0.076986,0.083093,0.072136,0.147693,0.128726,-0.024202,-0.004385,0.135766,0.110163,0.045811,0.005984,0.061714,0.152514,0.098545,0.048046,0.030585,0.007608,0.036564,0.073588,0.041113,0.029906,0.073397,0.132560,0.098051,0.000448,-0.023738,0.084126,0.176567,0.075353,-0.006184,0.015691,0.093553,0.070204,-0.008893,0.063729,0.107303,-0.010613,-0.032031,0.191697,0.196379,-0.038235,-0.019032,0.120027,0.081884,-0.016734,0.012400,0.067558,0.030001,-0.000565,0.020973,0.111553,0.096627,-0.044756,-0.000773,0.104654,0.042731,-0.010700,0.026501,0.075279,0.021552,-0.024665,0.019442,0.040687,0.042168,0.020793,-0.043077,-0.020887,0.029296,0.088693,0.129321,0.013114,-0.064513,-0.014520,0.071561,0.072289,0.024276,0.024105,-0.024884,0.074014,0.109689,0.034360,0.069900,0.038456,0.016044,0.084843,0.040335,-0.051966,-0.014469,0.093069,0.149811,0.028558,-0.102258,-0.027308,0.109934,0.031540,-0.086324,-0.037619,0.097651,0.090996,-0.026973,-0.043458,0.038478,0.025898,0.010025,0.148631,0.091674,-0.097793,-0.025020,0.115661,0.108156,0.019686,-0.062461,0.002121,0.119165,0.061032,0.035735,-0.034077,-0.131096,0.056470,0.251941,0.114966,-0.097761,-0.040053,0.121012,0.190015,0.100100,-0.024019,0.072642,0.188187,0.119199,0.041569,0.006174,0.056991,0.052260,-0.001105,0.061299,0.057041,-0.061859,-0.107926,0.014275,0.147540,0.096363,-0.078661,-0.074453,0.077497,0.033630,-0.075551,0.043882,0.086445,-0.031234,0.119895,0.223665,0.005998,-0.144163,-0.069540,0.089508,0.028904,-0.079654,0.012979,0.113105,0.074338,0.106331,0.139225,0.002056,-0.051777,0.126523,0.189503,0.027291,-0.037799,0.075857,0.134902,0.114421,-0.025888,-0.141853,-0.059001,-0.010551,-0.016027,0.010069,0.068882,0.154530,0.144731,0.108725,0.002339,-0.044664,0.035446,0.074677,0.093295,-0.006530,-0.101396,-0.057472,0.068692,0.122870,-0.085829,-0.165604,0.063243,0.136196,0.054190,-0.041731,-0.138456,-0.019320,0.128286,0.046975,-0.134259,-0.202615,-0.105353,0.060978,0.101006,0.020866,0.029545,0.036737,-0.055906,0.002420,0.084712,0.073540,0.130860,0.108039,0.110402,0.091064,-0.038473,-0.038966,0.053987,0.062669,-0.076287,-0.133876,0.033869,0.183413,0.003137,-0.125743,-0.035689,0.007608,0.056597,0.034157,-0.055861,-0.030089,0.030351,-0.008692,0.038892,0.098028,-0.073676,-0.129695,-0.043193,0.067194,0.167979,0.062682,-0.115505,-0.015308,0.144262,0.129703,0.046687,-0.063039,-0.102170,-0.035460,-0.007205,0.023471,0.095271,0.128941,0.182495,0.096478,0.032314,0.038837,0.107906,0.035093,-0.030098,0.094692,0.036174,-0.051529,0.015603,0.160432,0.165416,-0.027382,-0.029303,0.117440,0.075982,-0.119476,-0.143135,0.010266,0.158110,0.219844,0.118792,-0.092616,-0.224722,-0.104051,0.187765,0.326900,0.031032,-0.284420,-0.181375,0.023017,0.101293,0.099668,0.024101,0.011898,0.074611,0.008901,-0.093060,0.061926,0.175137,0.013583,-0.015944,0.106166,0.203906,0.161186,0.070315,0.067523,0.065076,0.033594,0.122377,0.211142,-0.055844,-0.155139,-0.015082,0.074412,0.248763,0.168645,-0.091536,-0.167531,-0.007497,0.218582,0.186080,-0.110145,-0.204455,0.032825,0.063551,0.002294,-0.013456,-0.033791,0.074060,0.108522,0.140323,0.256083,0.145980,-0.063419,-0.055748,-0.030120,-0.003420,0.136380,0.039242,-0.112692,0.086171,0.160871,0.049821,-0.109392,-0.033691,0.040299,-0.076643,-0.150878,-0.182001,-0.023877,0.246230,0.255952,-0.063962,-0.063793,0.263089,0.367225,0.228496,-0.123613,-0.365179,-0.156469,0.116174,0.049847,0.072802,0.050212,-0.384738,-0.219903,0.293207,0.208389,-0.237564,-0.365501,-0.056345,0.346875,-0.010568,-0.722172,-0.354731,0.662067,0.779185,-0.065384,-0.729406,-0.290941,0.725190,0.648863,-0.506953,-0.907951,-0.947902,-1.000000,1.000000
1.000000,0.452365,-0.028894,0.031164,0.025536,-0.030667,-0.072190,-0.036006,0.002471,0.031303,0.109012,0.022137,-0.105722,-0.017833,0.040181,-0.027425,-0.123834,-0.063302,0.088265,0.065036,0.013079,0.003124,0.005803,0.059442,0.073274,0.059526,0.065185,0.030431,0.001636,-0.030697,-0.050876,0.038568,0.052134,0.038911,0.064078,0.035494,0.011182,-0.015070,0.029558,0.024282,-0.075955,0.014565,0.088241,0.006166,0.027698,0.037977,-0.009635,-0.066785,-0.051730,0.065999,0.018770,-0.032836,0.000303,-0.072881,-0.073734,0.017346,0.010193,-0.054932,-0.053603,0.011673,0.011184,-0.022525,0.031889,0.000687,-0.075833,-0.071870,-0.025407,-0.013504,0.000852,0.046846,-0.026190,-0.173524,-0.088498,0.084836,0.044886,-0.021870,0.002566,0.077158,0.073885,-0.051808,-0.084850,-0.072888,-0.050905,-0.005095,-0.036680,-0.129172,-0.075899,0.106597,0.105769,-0.055709,-0.102414,0.003396,0.038985,-0.011166,-0.043906,-0.055476,-0.050320,0.037168,0.100560,0.044137,-0.007470,0.064145,0.145728,0.003634,-0.096525,-0.004954,0.043957,0.011309,0.001618,-0.045966,-0.066793,0.022798,0.018911,-0.105980,-0.180640,-0.082149,0.055424,-0.007899,-0.139966,-0.114523,-0.016325,0.001439,-0.053063,-0.114525,-0.092853,-0.016471,0.026006,-0.015842,0.006627,0.086888,0.052340,0.033705,-0.004751,-0.037197,0.014340,0.049764,0.041913,-0.037922,-0.055659,0.024468,-0.004727,-0.056303,-0.046730,-0.032939,0.005171,-0.069086,-0.038873,0.088079,-0.025650,-0.112301,0.006890,0.094314,0.077499,0.050961,0.054999,0.059464,-0.018482,-0.073300,-0.123635,-0.171660,-0.088749,0.003836,-0.038759,-0.067698,0.070032,0.208872,0.108648,-0.048760,0.001475,-0.003007,-0.054421,-0.049958,-0.101950,-0.075811,0.025153,0.030391,-0.070068,-0.066196,0.067140,0.090294,0.041400,-0.037798,-0.070283,0.000392,-0.000100,0.055633,0.111039,-0.024762,-0.021962,0.058287,-0.015536,-0.104291,-0.174079,-0.087710,0.006473,0.018348,0.053232,0.043980,-0.012030,-0.035653,-0.087677,-0.093901,-0.020004,0.083041,0.171229,0.076390,-0.035874,-0.017583,-0.032901,-0.086051,-0.082377,-0.090514,-0.124231,-0.068281,0.050600,0.047991,-0.047942,0.002472,0.043743,-0.036103,-0.014730,0.024328,-0.009712,0.017592,0.050319,-0.057336,-0.167221,-0.064486,0.098478,0.089405,0.051289,0.067698,0.039328,-0.025499,-0.084728,-0.082613,-0.043717,0.002667,0.031289,-0.039283,-0.070163,0.047717,0.121653,0.138602,0.125860,-0.002536,-0.024539,-0.009267,-0.083764,-0.079373,-0.067847,0.043963,0.172999,0.122823,-0.011278,0.054725,0.098591,-0.065399,-0.122440,-0.030220,-0.040285,-0.107435,-0.014996,0.091235,-0.019945,-0.085188,0.025327,0.009347,-0.153929,-0.141677,0.009618,-0.066619,-0.109660,0.025993,-0.072707,-0.105008,0.075105,0.149307,0.016754,-0.068276,0.024688,-0.017866,-0.086352,-0.044404,-0.039902,0.039045,0.097033,0.017753,-0.084813,-0.165834,0.049687,0.206533,0.030050,-0.012422,0.010181,-0.087649,-0.085749,0.063443,0.032858,-0.090242,-0.048258,0.008725,-0.016494,-0.048168,-0.024496,0.031258,-0.076528,-0.194797,-0.129943,-0.132608,-0.209690,-0.117973,0.029503,0.007182,-0.051050,0.024264,0.065899,0.076173,0.139208,0.159795,0.068745,0.044469,0.048408,-0.107806,-0.079227,0.129619,0.084712,-0.089338,-0.124481,0.005587,0.051599,0.056299,0.095505,0.034064,-0.012877,0.110153,0.109292,-0.128241,-0.148320,-0.085909,-0.243621,-0.257801,0.033847,0.265382,0.246582,0.176890,0.255219,0.083834,-0.183618,-0.061998,0.042568,0.079100,0.288492,0.341425,0.219968,0.007736,-0.235731,-0.307543,-0.263961,-0.142392,-0.055930,-0.195061,-0.270091,-0.053493,0.074022,-0.168903,-0.296128,-0.089054,-0.052295,0.066180,0.222189,0.116338,-0.052907,-0.132954,-0.149370,-0.329406,-0.503405,-0.068749,0.272874,0.281808,0.252059,0.008435,-0.395599,-0.276216,0.283726,0.624123,0.467959,-0.039677,-0.558301,-0.944866,0.246214,1.000000,1.000000
1.000000,0.250115,-0.056065,-0.052153,0.016495,0.045802,0.076729,0.033950,0.013969,0.049238,0.000089,0.011414,-0.017537,-0.046512,-0.003828,0.058728,0.017798,-0.035012,-0.013087,0.043526,0.090521,-0.023050,-0.117107,-0.037654,0.081972,0.054304,-0.024392,-0.050361,0.001050,0.049324,0.011140,-0.064940,-0.071264,-0.018648,0.038297,-0.022194,-0.081568,-0.054428,-0.050232,-0.046543,-0.025622,-0.036511,-0.051470,-0.016012,0.020677,-0.025186,-0.054567,-0.048656,0.000257,0.100357,0.060021,-0.004326,-0.041932,-0.025675,0.005003,0.002140,-0.057853,-0.059152,0.034244,0.026472,-0.030051,-0.047970,-0.036456,-0.045831,-0.031597,-0.012459,0.017877,0.264305,0.129937,0.033658,0.011741,-0.013344,-0.032801,0.066223,0.103395,0.054784,0.027619,0.009521,0.080658,0.051847,-0.028088,-0.034930,0.061241,0.177541,0.062458,0.064819,0.040563,-0.022993,-0.062163,-0.011247,0.041649,0.086052,-0.001270,-0.075693,-0.067759,0.011321,0.092972,0.038498,-0.039571,-0.050379,0.000992,0.034343,0.033125,-0.026604,-0.060793,-0.049882,-0.022698,0.015816,0.031320,-0.009554,-0.008979,0.013713,-0.059772,-0.096527,-0.079271,-0.020504,0.108495,0.131519,-0.011460,-0.059038,-0.022068,-0.040515,-0.072219,-0.053694,-0.031329,0.001924,0.010111,-0.037653,-0.068839,-0.044082,-0.024047,0.006964,-0.005527,-0.038717,-0.013063,-0.001633,0.017649,0.026809,-0.045815,-0.061118,0.039489,0.101039,0.027231,-0.033891,0.032212,0.180303,0.095786,-0.053595,-0.060346,0.032187,0.124113,0.231436,0.098063,0.077375,0.032998,-0.011913,0.035452,0.012734,-0.036882,-0.020914,0.014779,-0.001332,0.007955,-0.016914,-0.006045,0.014944,-0.003396,-0.035070,-0.035466,0.027365,0.029507,-0.041085,-0.091724,-0.058640,0.074040,0.051438,-0.016888,-0.018420,-0.036557,-0.046410,-0.034212,-0.041593,-0.064173,-0.026329,-0.024522,-0.054648,-0.058712,-0.103738,-0.111710,-0.063388,0.018118,0.085991,0.002178,-0.052232,0.030828,0.019237,-0.021807,-0.006193,0.036852,0.091041,0.092359,-0.020717,-0.082420,-0.018083,-0.055892,-0.122920,-0.038466,0.058322,-0.052473,-0.094225,-0.112059,-0.087447,-0.076454,-0.032367,0.045036,-0.005629,-0.093037,0.009473,0.312516,0.228142,0.261241,0.065843,-0.105597,0.011055,0.154851,0.097014,0.128146,0.192992,0.128693,-0.007834,-0.082523,-0.056757,-0.044983,-0.054548,0.073471,0.076881,0.013147,0.046035,-0.038723,-0.126764,-0.053102,0.095067,0.079317,-0.033213,0.025387,0.127627,0.071467,0.079050,0.042502,-0.038336,-0.058956,-0.026821,-0.030493,-0.044475,-0.086196,-0.132806,-0.116115,-0.000078,0.056875,-0.032539,-0.105648,-0.033585,0.035680,-0.020075,-0.012127,-0.049266,-0.078155,-0.058176,0.087562,0.064264,0.104455,0.049046,-0.104996,-0.120327,-0.008520,0.001102,0.019639,-0.069343,-0.154203,-0.136305,-0.121502,-0.106186,0.033692,-0.012058,-0.125300,-0.073230,-0.118161,-0.084954,-0.009153,-0.084528,-0.022714,0.089903,0.071729,-0.039103,0.035975,0.174099,0.379944,0.334818,0.165551,0.069489,0.000926,-0.055532,0.136867,0.202179,0.156545,0.106321,-0.062850,-0.072314,0.072244,0.059642,-0.109427,-0.130771,-0.080571,-0.041940,0.002201,0.175202,0.092253,-0.128533,-0.185711,-0.149759,-0.132153,-0.171289,-0.077352,0.006307,0.008760,0.048627,-0.021932,0.039742,0.139849,0.027964,-0.108654,-0.091993,-0.062060,-0.191421,-0.172451,-0.080194,0.072944,-0.073413,-0.329546,-0.209676,0.133821,0.103879,-0.002944,0.246237,0.383595,0.009408,-0.186627,-0.024800,0.204173,0.093311,-0.086477,0.040640,0.296682,0.236754,0.025152,-0.012316,-0.027780,-0.155661,-0.009964,0.024427,0.132663,0.093245,-0.267947,-0.375744,-0.302187,0.082044,0.009067,-0.188188,0.060880,0.107926,-0.276768,-0.024570,0.488247,0.439874,0.147806,-0.003998,-0.185916,-0.290416,-0.201337,-0.291821,-0.061490,0.274061,-0.081974,0.130649,0.523494,-0.421881,-0.597069,0.612024,0.415127,-0.905712,0.795356,0.795356,1.000000
1.000000,0.447268,0.218408,0.207633,0.059616,0.039665,0.022440,-0.043545,-0.064046,-0.056069,-0.019104,0.010509,-0.007189,-0.014296,-0.018925,0.003500,0.033420,0.043872,-0.004116,-0.013501,-0.041169,-0.075465,-0.081485,-0.061746,-0.027540,0.010385,0.035445,0.060847,0.173854,0.193634,0.049512,0.031389,0.063612,0.038606,-0.006601,0.002640,-0.023186,-0.061536,-0.059474,-0.073706,-0.097988,-0.089967,-0.043263,-0.032082,-0.024627,0.018277,0.041671,0.028561,0.054039,0.069653,0.029524,0.019109,0.055142,0.051305,0.005605,-0.034415,-0.032000,0.017221,0.038015,-0.001119,0.049269,0.059014,0.006385,0.050355,0.041121,0.007441,0.041477,-0.004241,0.026621,0.084165,0.042244,0.085503,0.065088,-0.026643,-0.028905,0.016202,0.019139,0.045389,0.001872,-0.045432,-0.020688,-0.027750,-0.061771,-0.068945,-0.048091,-0.009963,-0.003538,0.040623,0.030180,0.004971,0.043371,0.043868,0.008443,-0.003059,0.029114,0.024886,-0.022230,-0.013574,-0.006434,0.008292,0.044752,0.075755,0.076457,0.059384,0.042191,0.025859,-0.034943,-0.116696,-0.125116,-0.059530,-0.101422,-0.096953,-0.029155,-0.025650,-0.032631,-0.033143,-0.060701,-0.043542,0.030319,0.095209,0.109584,-0.008410,-0.029585,-0.051471,-0.096043,-0.052783,-0.038633,-0.067876,-0.039914,0.093378,0.164273,0.080338,0.067853,0.024745,-0.048334,-0.009469,-0.059364,0.007123,0.059506,0.035551,0.060409,0.041085,-0.000387,-0.022139,0.007933,0.020662,0.037683,0.075735,0.051688,0.006439,0.016722,0.013757,-0.039565,-0.060896,-0.050280,-0.046567,-0.043869,0.021912,0.118578,0.051639,-0.017798,0.043815,0.088641,0.064965,0.097686,0.116499,0.104904,0.106824,0.017175,0.018286,0.099496,0.039487,0.111574,0.138543,0.060872,0.062241,0.022687,-0.022115,-0.019196,-0.098967,-0.129094,-0.119148,-0.091607,-0.044182,-0.080333,-0.068235,-0.004880,0.005704,0.024142,0.018052,0.090913,0.073900,-0.024209,-0.054571,-0.019247,0.041064,0.051135,0.064311,0.093815,0.110869,0.104022,0.076551,-0.012592,-0.041949,-0.072382,-0.142159,-0.184013,-0.128346,-0.157673,-0.131307,-0.037130,-0.024110,-0.082409,-0.096316,-0.020453,0.060771,0.046457,0.015214,0.054786,0.095909,0.084138,0.058767,0.016597,0.012901,0.084077,0.064274,-0.003591,0.023650,-0.010849,-0.061538,-0.014558,-0.012384,0.008517,0.057556,0.086110,0.146705,0.120625,0.061104,0.083988,0.072126,-0.033380,0.084183,0.147167,-0.036065,0.006980,0.065802,-0.088042,-0.063373,0.124839,0.176818,0.130235,0.152995,0.171344,-0.014001,-0.155671,-0.168853,-0.221493,-0.207706,-0.138081,-0.041862,0.010260,-0.021989,-0.035592,0.027206,0.139091,0.169353,0.080176,0.121890,0.113369,-0.000176,-0.030851,-0.109271,-0.181098,-0.229756,-0.252004,-0.209643,-0.134244,-0.033801,-0.058966,-0.216956,-0.257456,-0.243264,-0.280012,-0.244312,-0.169306,-0.189291,-0.162660,0.078145,0.175563,0.077817,0.071210,0.114946,0.119842,0.113946,0.115757,0.162622,0.184878,0.221787,0.187777,0.154099,0.212830,0.243948,0.388083,0.420069,0.318025,0.223844,0.038458,-0.143473,-0.160568,-0.207641,-0.235841,-0.176305,-0.022009,0.053691,0.018378,0.075336,0.157502,0.153687,-0.047060,-0.113697,0.001487,-0.106381,-0.213379,-0.133265,-0.173718,-0.167622,-0.073238,-0.001242,0.086864,0.136411,0.068472,-0.003773,-0.061595,-0.156964,-0.265659,-0.190200,-0.049088,-0.080191,-0.113429,0.092444,0.317121,0.326115,0.169804,-0.059140,-0.091416,0.025930,-0.109956,-0.107000,0.166295,0.152962,0.139781,0.120788,0.101772,0.071241,-0.054019,-0.031636,-0.021235,-0.254030,-0.200246,-0.127963,-0.103900,-0.067377,-0.082368,-0.043204,0.213185,0.547705,0.211936,-0.288562,-0.020027,0.168723,-0.249466,-0.412393,-0.129900,0.291860,0.144003,0.105692,0.278341,0.280443,-0.007060,-0.311222,-0.366477,0.096165,-0.089421,-0.465210,-0.412152,0.491710,0.195239,-0.710980,-0.156949,0.875686,0.095783,-1.000000,1.000000
1.000000,0.391701,-0.050816,0.094883,0.072521,0.050361,0.068854,0.011710,0.006872,0.080132,0.042551,0.012135,-0.007400,-0.009348,0.028789,0.021950,0.015542,0.050266,0.058578,-0.038676,-0.066833,0.020695,-0.012997,-0.014165,0.109763,0.112396,0.025670,0.042628,0.003659,-0.081691,-0.033424,0.016307,0.035723,0.029726,-0.024631,-0.050096,-0.044729,-0.113271,-0.124502,0.026669,0.056976,-0.036279,-0.094183,-0.052281,-0.036071,-0.066691,-0.016374,-0.030277,-0.026043,0.042197,0.005086,0.016372,0.043344,-0.019624,-0.079000,-0.060932,0.000520,0.032030,-0.027753,-0.061736,-0.029621,-0.057736,-0.062062,-0.000718,0.008614,-0.039118,0.009435,0.014134,-0.127472,-0.154551,-0.053362,-0.052950,-0.045195,0.088142,0.076248,-0.010736,0.024239,0.050047,0.046765,0.009255,-0.015329,0.020633,0.083448,0.102428,0.069181,0.017746,-0.002686,0.058218,0.054066,-0.015579,0.040664,0.133852,0.024955,-0.117001,-0.098639,-0.040821,-0.056316,-0.029236,0.060863,0.045529,0.043450,0.099966,-0.019857,-0.093671,-0.025096,-0.013049,0.028504,-0.000842,-0.075855,-0.037091,0.028283,0.020424,0.019739,0.028559,0.023028,0.054896,0.035586,0.052362,0.053889,-0.016006,0.009211,0.016625,0.010569,0.056909,0.034962,-0.011987,0.009718,0.025253,-0.056642,-0.072841,0.003098,0.029466,0.030828,-0.022100,-0.065396,0.007696,0.082972,0.102017,0.035717,-0.039480,-0.019542,-0.039915,-0.077473,-0.093788,-0.168178,-0.153806,-0.047824,0.005025,-0.033929,-0.099636,-0.113314,-0.020274,-0.031471,-0.089613,-0.061574,-0.065705,-0.041246,-0.024736,-0.102657,-0.103480,0.016158,-0.001518,-0.019209,0.071303,0.135907,0.032190,-0.008595,0.003437,-0.083226,-0.061298,-0.005912,-0.025849,-0.029064,-0.004199,-0.064384,-0.102472,-0.000078,0.032060,0.063669,0.075707,-0.038762,-0.102561,-0.102287,-0.085151,0.030496,0.012755,-0.087010,0.057599,0.147836,0.039277,-0.070333,-0.143940,-0.079042,0.043887,0.071779,0.005870,0.022273,0.050728,-0.027099,0.080219,0.202840,0.117787,0.109719,0.147430,0.027055,0.001604,0.026099,-0.043605,0.028534,0.120267,0.097539,0.115140,0.054457,0.014290,0.020245,-0.017463,-0.075690,-0.040021,0.090102,0.135891,0.033399,-0.055089,-0.071070,-0.068427,-0.039736,-0.135443,-0.149469,0.062744,0.120978,-0.073714,-0.163761,-0.174391,-0.191067,0.003453,-0.012327,-0.180415,-0.094222,-0.034954,-0.031368,-0.034751,-0.064153,-0.115276,-0.100636,-0.064831,-0.103233,-0.105989,-0.028499,-0.030198,-0.163496,-0.154033,-0.026586,0.074158,0.134072,0.036989,-0.040322,0.010204,-0.073342,-0.066969,0.027154,-0.113143,-0.138362,0.015391,0.103471,0.086904,-0.083179,-0.204025,-0.156680,0.011503,0.019590,-0.169156,-0.095125,0.028158,0.018244,-0.004094,0.023720,0.039141,0.038099,0.145323,0.200714,0.217707,0.041300,-0.161368,-0.005648,0.161144,0.150240,0.116741,0.030073,-0.050516,-0.045932,-0.005968,0.040937,0.064448,-0.066285,-0.057176,0.172200,0.149930,-0.044607,-0.112240,-0.008744,0.106452,0.191420,0.201108,0.203873,0.251103,0.203233,0.040576,0.072555,0.160185,0.026327,0.116023,0.249442,0.202350,0.148470,0.038114,0.031650,0.177646,0.108010,0.075314,0.251958,0.234937,0.031006,-0.140477,-0.163161,-0.047844,0.074327,0.062632,0.078100,0.128764,0.148106,0.193033,0.141340,0.171830,0.115912,0.142561,0.435954,0.414984,0.230069,0.003414,-0.021365,0.081903,0.071068,-0.055514,-0.055699,-0.004451,-0.112847,-0.078412,-0.215836,-0.416184,-0.327251,-0.215648,0.001761,0.168157,-0.019882,-0.212754,-0.200204,-0.125445,-0.042688,0.051949,0.185661,0.413317,0.371703,0.275578,0.082887,-0.242051,-0.220317,-0.192086,-0.086942,-0.115086,-0.374867,-0.506515,-0.492117,-0.306351,-0.235794,0.256059,0.280740,0.419247,0.661847,0.090550,0.353039,0.116774,0.119873,0.586708,0.183755,0.366497,-0.108333,-0.227177,-0.576365,-0.380000,-0.285176,-1.000000,1.000000,-1.000000,1.000000
1.000000,0.703984,0.409851,0.394633,0.450365,0.456195,0.397669,0.371548,0.328517,0.322171,0.322662,0.349517,0.334972,0.302544,0.269714,0.223120,0.282685,0.304554,0.298874,0.265150,0.208595,0.196100,0.214613,0.204083,0.122426,0.083862,0.043417,0.042981,0.077575,0.111666,0.149679,0.128018,0.110665,0.071765,0.066520,0.096521,0.074850,-0.017138,-0.042433,0.040649,0.072975,0.057005,-0.008940,-0.053702,-0.040215,-0.029011,-0.020564,-0.019141,-0.007808,-0.008745,-0.010876,-0.000849,0.069510,0.110797,0.077866,0.029522,-0.035484,-0.008207,0.061078,0.091795,0.042744,0.031047,0.082413,0.100869,0.083634,0.016182,-0.007414,-0.023114,-0.021946,0.034154,0.099112,0.125719,0.062390,0.037011,0.054786,0.079470,0.088796,0.056919,-0.005940,-0.058109,-0.005315,0.030795,0.026588,-0.004041,-0.016202,-0.013293,-0.070529,-0.079918,-0.088117,-0.086111,-0.066545,-0.059700,-0.050014,-0.044942,-0.058605,-0.119629,-0.154269,-0.198226,-0.225957,-0.232399,-0.257269,-0.262204,-0.276004,-0.252382,-0.251485,-0.247572,-0.241061,-0.285053,-0.333054,-0.381499,-0.371329,-0.336029,-0.296771,-0.333905,-0.384858,-0.385055,-0.352282,-0.312371,-0.377014,-0.470312,-0.489787,-0.400860,-0.315799,-0.313690,-0.340232,-0.313967,-0.278005,-0.354931,-0.354776,-0.291042,-0.299968,-0.371584,-0.406651,-0.321378,-0.266936,-0.279627,-0.292728,-0.241165,-0.237346,-0.274918,-0.278609,-0.285509,-0.252175,-0.261998,-0.201624,-0.127181,-0.103626,-0.085829,-0.129204,-0.189667,-0.217588,-0.144070,-0.088598,-0.079193,-0.130890,-0.127607,-0.029875,-0.034348,-0.048861,-0.101324,-0.131048,-0.101887,-0.098495,-0.110736,-0.075099,-0.005592,-0.029579,-0.062024,-0.103958,-0.082408,-0.106721,-0.215002,-0.241883,-0.202555,-0.139148,-0.081148,-0.027541,-0.033436,-0.074499,-0.118257,-0.108877,-0.046417,-0.047959,-0.060423,-0.083633,-0.105479,-0.073747,-0.029024,-0.051136,-0.151562,-0.264641,-0.262667,-0.135526,-0.147147,-0.249177,-0.237580,-0.141814,-0.062511,-0.075205,-0.077734,-0.064433,-0.079573,-0.134748,-0.146427,-0.132393,-0.080806,-0.004388,0.014186,0.084583,0.078161,0.036814,0.052767,0.045853,0.104407,0.190183,0.250940,0.252508,0.307252,0.337987,0.286053,0.262060,0.272106,0.311588,0.248866,0.235624,0.285518,0.295139,0.327389,0.357012,0.363319,0.312800,0.292121,0.298028,0.318389,0.382468,0.405625,0.376242,0.325623,0.376147,0.444432,0.468355,0.404773,0.306175,0.314068,0.296644,0.292217,0.294280,0.319714,0.324796,0.278582,0.288122,0.317547,0.341145,0.233078,0.163316,0.165120,0.156348,0.170187,0.127286,0.126575,0.100524,0.071781,0.062924,0.043234,-0.036250,-0.166088,-0.179749,-0.119203,-0.066836,-0.094451,-0.081781,-0.075993,-0.053172,-0.009095,-0.038641,-0.054737,-0.135024,-0.112236,-0.050845,0.010559,0.048325,0.019100,0.011641,-0.029088,-0.053115,-0.102163,-0.096928,-0.014643,0.078508,0.081817,0.058326,0.128375,0.130543,0.122764,0.122007,0.101477,-0.019420,-0.005243,0.218550,0.245496,0.136717,0.099639,0.249678,0.296732,0.274531,0.273821,0.175060,0.086022,-0.048563,0.036144,0.174834,0.190676,0.124328,0.049350,0.164686,0.254631,0.233875,0.171643,0.146811,0.037524,0.035824,0.256938,0.328552,0.143315,-0.156107,-0.141861,-0.060206,-0.080225,-0.054648,-0.047870,-0.065030,-0.108508,0.031775,0.309891,0.510590,0.361453,0.079961,0.046042,0.081833,0.187195,0.179428,0.054964,0.061505,0.016853,-0.016868,0.103038,0.193768,0.102596,-0.041980,-0.190380,-0.103800,0.218070,0.425304,0.414892,0.107388,-0.105564,-0.033219,0.058833,0.000451,-0.183892,-0.216869,-0.112275,0.028675,0.208691,0.458061,0.504474,0.198915,-0.066391,-0.024532,0.213525,0.315329,0.239577,0.207127,0.074708,-0.079611,-0.093318,-0.093383,-0.268429,-0.539083,-0.626600,-0.313456,0.340519,0.424876,0.262908,0.274637,0.461208,0.063168,-0.383706,0.964698,-0.199775,-0.718008,1.000000,1.000000
